{
    "@context": "https://w3id.org/ro/crate/1.1/context",
    "@graph": [
        {
            "@id": "./",
            "@type": "Dataset",
            "datePublished": "2025-02-02T00:00:45+00:00",
            "hasPart": [
                {
                    "@id": "README.md"
                },
                {
                    "@id": "datasets/genomaRiferimentoSARS-Cov-2.fna_31e7840b5aedca43b83f6af1ceeeba4a.fasta"
                },
                {
                    "@id": "datasets/read1.fastq_31e7840b5aedca43d8efaacd9211755f.fastqsanger"
                },
                {
                    "@id": "datasets/read2.fastq_31e7840b5aedca43581750d9479068c8.fastqsanger"
                },
                {
                    "@id": "datasets/FastQC_on_data_2__Webpage_31e7840b5aedca43c38ab19d714a3c29.html"
                },
                {
                    "@id": "datasets/FastQC_on_data_2__RawData_31e7840b5aedca431c5f9817d58b3f29.txt"
                },
                {
                    "@id": "datasets/FastQC_on_data_3__Webpage_31e7840b5aedca43e926814809fc8dea.html"
                },
                {
                    "@id": "datasets/FastQC_on_data_3__RawData_31e7840b5aedca43600ba8402fd75ef3.txt"
                },
                {
                    "@id": "datasets/Bowtie2_on_data_1,_data_3,_and_data_2__alignments_31e7840b5aedca43b4665a13844119ec.bam"
                },
                {
                    "@id": "datasets/Bowtie2_on_data_1,_data_3,_and_data_2__mapping_stats_31e7840b5aedca4373a7a3a3e7f44ff8.txt"
                },
                {
                    "@id": "datasets/Samtools_stats_on_data_1_and_data_8_31e7840b5aedca437ec0944f92e7a262.tabular"
                },
                {
                    "@id": "datasets/JBrowse_on_data_8_and_data_1_-_minimal_31e7840b5aedca43c34a6b2155398cc3.html"
                }
            ]
        },
        {
            "@id": "ro-crate-metadata.json",
            "@type": "CreativeWork",
            "about": {
                "@id": "./"
            },
            "conformsTo": {
                "@id": "https://w3id.org/ro/crate/1.1"
            }
        },
        {
            "@id": "README.md",
            "@type": "File",
            "about": {
                "@id": "./"
            },
            "encodingFormat": "text/markdown",
            "name": "README.md"
        },
        {
            "@id": "datasets/genomaRiferimentoSARS-Cov-2.fna_31e7840b5aedca43b83f6af1ceeeba4a.fasta",
            "@type": "File",
            "encodingFormat": "text/plain",
            "name": "genomaRiferimentoSARS-Cov-2.fna"
        },
        {
            "@id": "datasets/read1.fastq_31e7840b5aedca43d8efaacd9211755f.fastqsanger",
            "@type": "File",
            "encodingFormat": "text/plain",
            "name": "read1.fastq"
        },
        {
            "@id": "datasets/read2.fastq_31e7840b5aedca43581750d9479068c8.fastqsanger",
            "@type": "File",
            "encodingFormat": "text/plain",
            "name": "read2.fastq"
        },
        {
            "@id": "datasets/FastQC_on_data_2__Webpage_31e7840b5aedca43c38ab19d714a3c29.html",
            "@type": "File",
            "encodingFormat": "text/html",
            "name": "FastQC on data 2: Webpage"
        },
        {
            "@id": "datasets/FastQC_on_data_2__RawData_31e7840b5aedca431c5f9817d58b3f29.txt",
            "@type": "File",
            "encodingFormat": "text/plain",
            "name": "FastQC on data 2: RawData"
        },
        {
            "@id": "datasets/FastQC_on_data_3__Webpage_31e7840b5aedca43e926814809fc8dea.html",
            "@type": "File",
            "encodingFormat": "text/html",
            "name": "FastQC on data 3: Webpage"
        },
        {
            "@id": "datasets/FastQC_on_data_3__RawData_31e7840b5aedca43600ba8402fd75ef3.txt",
            "@type": "File",
            "encodingFormat": "text/plain",
            "name": "FastQC on data 3: RawData"
        },
        {
            "@id": "datasets/Bowtie2_on_data_1,_data_3,_and_data_2__alignments_31e7840b5aedca43b4665a13844119ec.bam",
            "@type": "File",
            "encodingFormat": "application/octet-stream",
            "name": "Bowtie2 on data 1, data 3, and data 2: alignments"
        },
        {
            "@id": "datasets/Bowtie2_on_data_1,_data_3,_and_data_2__mapping_stats_31e7840b5aedca4373a7a3a3e7f44ff8.txt",
            "@type": "File",
            "encodingFormat": "text/plain",
            "name": "Bowtie2 on data 1, data 3, and data 2: mapping stats"
        },
        {
            "@id": "datasets/Samtools_stats_on_data_1_and_data_8_31e7840b5aedca437ec0944f92e7a262.tabular",
            "@type": "File",
            "encodingFormat": "text/plain",
            "name": "Samtools stats on data 1 and data 8"
        },
        {
            "@id": "datasets/JBrowse_on_data_8_and_data_1_-_minimal_31e7840b5aedca43c34a6b2155398cc3.html",
            "@type": "File",
            "encodingFormat": "text/html",
            "name": "JBrowse on data 8 and data 1 - minimal"
        }
    ]
}