{
    "@context": "https://w3id.org/ro/crate/1.1/context",
    "@graph": [
        {
            "@id": "./",
            "@type": "Dataset",
            "datePublished": "2025-02-01T23:42:28+00:00",
            "hasPart": [
                {
                    "@id": "README.md"
                },
                {
                    "@id": "datasets/riferimento_31e7840b5aedca4392d09cb110e58cad.fasta"
                },
                {
                    "@id": "datasets/read1.fastq_31e7840b5aedca43ee8962f714bbc579.fastqsanger"
                },
                {
                    "@id": "datasets/read2.fastq_31e7840b5aedca43ddb3a799430a4711.fastqsanger"
                },
                {
                    "@id": "datasets/FastQC_on_data_2__Webpage_31e7840b5aedca43d12bd852e702a6f8.html"
                },
                {
                    "@id": "datasets/FastQC_on_data_2__RawData_31e7840b5aedca4391fe097375dc496f.txt"
                },
                {
                    "@id": "datasets/FastQC_on_data_3__Webpage_31e7840b5aedca43b70df3a0c1aed89e.html"
                },
                {
                    "@id": "datasets/FastQC_on_data_3__RawData_31e7840b5aedca43326f59f344af50bd.txt"
                },
                {
                    "@id": "datasets/Trimmomatic_on_read2.fastq_(R1_paired)_31e7840b5aedca438b1f4e31b3d64e99.fastqsanger"
                },
                {
                    "@id": "datasets/Trimmomatic_on_read2.fastq_(R2_paired)_31e7840b5aedca43132af719018505c7.fastqsanger"
                },
                {
                    "@id": "datasets/Trimmomatic_on_read2.fastq_(R1_unpaired)_31e7840b5aedca4311fcd6e24847558d.fastqsanger"
                },
                {
                    "@id": "datasets/Trimmomatic_on_read2.fastq_(R2_unpaired)_31e7840b5aedca4338454ac04a60b4b8.fastqsanger"
                },
                {
                    "@id": "datasets/FastQC_on_data_8__Webpage_31e7840b5aedca4366e173b3b7baa672.html"
                },
                {
                    "@id": "datasets/FastQC_on_data_8__RawData_31e7840b5aedca43ce0bb97f4d2c0b58.txt"
                },
                {
                    "@id": "datasets/FastQC_on_data_9__Webpage_31e7840b5aedca43f7a2acd72089bfd6.html"
                },
                {
                    "@id": "datasets/FastQC_on_data_9__RawData_31e7840b5aedca43cfbae4da763af77c.txt"
                },
                {
                    "@id": "datasets/Bowtie2_on_data_1,_data_9,_and_data_8__alignments_31e7840b5aedca43f7eca00d9cc8f5fa.bam"
                },
                {
                    "@id": "datasets/Bowtie2_on_data_1,_data_9,_and_data_8__mapping_stats_31e7840b5aedca43fa27468b135db9d4.txt"
                }
            ]
        },
        {
            "@id": "ro-crate-metadata.json",
            "@type": "CreativeWork",
            "about": {
                "@id": "./"
            },
            "conformsTo": {
                "@id": "https://w3id.org/ro/crate/1.1"
            }
        },
        {
            "@id": "README.md",
            "@type": "File",
            "about": {
                "@id": "./"
            },
            "encodingFormat": "text/markdown",
            "name": "README.md"
        },
        {
            "@id": "datasets/riferimento_31e7840b5aedca4392d09cb110e58cad.fasta",
            "@type": "File",
            "encodingFormat": "text/plain",
            "name": "riferimento"
        },
        {
            "@id": "datasets/read1.fastq_31e7840b5aedca43ee8962f714bbc579.fastqsanger",
            "@type": "File",
            "encodingFormat": "text/plain",
            "name": "read1.fastq"
        },
        {
            "@id": "datasets/read2.fastq_31e7840b5aedca43ddb3a799430a4711.fastqsanger",
            "@type": "File",
            "encodingFormat": "text/plain",
            "name": "read2.fastq"
        },
        {
            "@id": "datasets/FastQC_on_data_2__Webpage_31e7840b5aedca43d12bd852e702a6f8.html",
            "@type": "File",
            "encodingFormat": "text/html",
            "name": "FastQC on data 2: Webpage"
        },
        {
            "@id": "datasets/FastQC_on_data_2__RawData_31e7840b5aedca4391fe097375dc496f.txt",
            "@type": "File",
            "encodingFormat": "text/plain",
            "name": "FastQC on data 2: RawData"
        },
        {
            "@id": "datasets/FastQC_on_data_3__Webpage_31e7840b5aedca43b70df3a0c1aed89e.html",
            "@type": "File",
            "encodingFormat": "text/html",
            "name": "FastQC on data 3: Webpage"
        },
        {
            "@id": "datasets/FastQC_on_data_3__RawData_31e7840b5aedca43326f59f344af50bd.txt",
            "@type": "File",
            "encodingFormat": "text/plain",
            "name": "FastQC on data 3: RawData"
        },
        {
            "@id": "datasets/Trimmomatic_on_read2.fastq_(R1_paired)_31e7840b5aedca438b1f4e31b3d64e99.fastqsanger",
            "@type": "File",
            "encodingFormat": "text/plain",
            "name": "Trimmomatic on read2.fastq (R1 paired)"
        },
        {
            "@id": "datasets/Trimmomatic_on_read2.fastq_(R2_paired)_31e7840b5aedca43132af719018505c7.fastqsanger",
            "@type": "File",
            "encodingFormat": "text/plain",
            "name": "Trimmomatic on read2.fastq (R2 paired)"
        },
        {
            "@id": "datasets/Trimmomatic_on_read2.fastq_(R1_unpaired)_31e7840b5aedca4311fcd6e24847558d.fastqsanger",
            "@type": "File",
            "encodingFormat": "text/plain",
            "name": "Trimmomatic on read2.fastq (R1 unpaired)"
        },
        {
            "@id": "datasets/Trimmomatic_on_read2.fastq_(R2_unpaired)_31e7840b5aedca4338454ac04a60b4b8.fastqsanger",
            "@type": "File",
            "encodingFormat": "text/plain",
            "name": "Trimmomatic on read2.fastq (R2 unpaired)"
        },
        {
            "@id": "datasets/FastQC_on_data_8__Webpage_31e7840b5aedca4366e173b3b7baa672.html",
            "@type": "File",
            "encodingFormat": "text/html",
            "name": "FastQC on data 8: Webpage"
        },
        {
            "@id": "datasets/FastQC_on_data_8__RawData_31e7840b5aedca43ce0bb97f4d2c0b58.txt",
            "@type": "File",
            "encodingFormat": "text/plain",
            "name": "FastQC on data 8: RawData"
        },
        {
            "@id": "datasets/FastQC_on_data_9__Webpage_31e7840b5aedca43f7a2acd72089bfd6.html",
            "@type": "File",
            "encodingFormat": "text/html",
            "name": "FastQC on data 9: Webpage"
        },
        {
            "@id": "datasets/FastQC_on_data_9__RawData_31e7840b5aedca43cfbae4da763af77c.txt",
            "@type": "File",
            "encodingFormat": "text/plain",
            "name": "FastQC on data 9: RawData"
        },
        {
            "@id": "datasets/Bowtie2_on_data_1,_data_9,_and_data_8__alignments_31e7840b5aedca43f7eca00d9cc8f5fa.bam",
            "@type": "File",
            "encodingFormat": "application/octet-stream",
            "name": "Bowtie2 on data 1, data 9, and data 8: alignments"
        },
        {
            "@id": "datasets/Bowtie2_on_data_1,_data_9,_and_data_8__mapping_stats_31e7840b5aedca43fa27468b135db9d4.txt",
            "@type": "File",
            "encodingFormat": "text/plain",
            "name": "Bowtie2 on data 1, data 9, and data 8: mapping stats"
        }
    ]
}