{
    "@context": "https://w3id.org/ro/crate/1.1/context",
    "@graph": [
        {
            "@id": "./",
            "@type": "Dataset",
            "datePublished": "2025-02-01T23:59:56+00:00",
            "hasPart": [
                {
                    "@id": "README.md"
                },
                {
                    "@id": "datasets/read2_31e7840b5aedca436087575c1e79fdb4.fastqsanger.gz"
                },
                {
                    "@id": "datasets/read1_31e7840b5aedca430a49883d3b5e019a.fastqsanger.gz"
                },
                {
                    "@id": "datasets/FastQC_on_data_2__Webpage_31e7840b5aedca43e4af35fc1c2f7696.html"
                },
                {
                    "@id": "datasets/FastQC_on_data_2__RawData_31e7840b5aedca43f349e54a8875b69b.txt"
                },
                {
                    "@id": "datasets/FastQC_on_data_1__Webpage_31e7840b5aedca4383ee632b87a2563a.html"
                },
                {
                    "@id": "datasets/FastQC_on_data_1__RawData_31e7840b5aedca43973d3d5964f96753.txt"
                },
                {
                    "@id": "datasets/Cutadapt_on_data_1__Read_1_Output_31e7840b5aedca43c3749221effd2dac.fastqsanger.gz"
                },
                {
                    "@id": "datasets/FastQC_on_data_7__Webpage_31e7840b5aedca437b5dfeb9409e4b7d.html"
                },
                {
                    "@id": "datasets/FastQC_on_data_7__RawData_31e7840b5aedca4375c2230abc039b9d.txt"
                },
                {
                    "@id": "datasets/Bowtie2_on_data_1_and_data_2__alignments_31e7840b5aedca430b4ed980e9cf78b0.bam"
                },
                {
                    "@id": "datasets/Bowtie2_on_data_1_and_data_2__mapping_stats_31e7840b5aedca43947e53dd90c9e467.txt"
                },
                {
                    "@id": "datasets/Samtools_stats_on_data_14_31e7840b5aedca43cfc6219bfdb5b1cf.tabular"
                },
                {
                    "@id": "datasets/Filter_BAM_on_data_14__JSON_filter_rules_31e7840b5aedca434b2c6ccf05ad29c0.txt"
                },
                {
                    "@id": "datasets/Filter_BAM_on_data_14__Filtered_BAM_31e7840b5aedca43f5815b8582c01e56.bam"
                },
                {
                    "@id": "datasets/Samtools_stats_on_data_18_31e7840b5aedca4300603b2e40f53beb.tabular"
                },
                {
                    "@id": "datasets/JBrowse_on_data_14_-_minimal_31e7840b5aedca435b239068743d190c.html"
                }
            ]
        },
        {
            "@id": "ro-crate-metadata.json",
            "@type": "CreativeWork",
            "about": {
                "@id": "./"
            },
            "conformsTo": {
                "@id": "https://w3id.org/ro/crate/1.1"
            }
        },
        {
            "@id": "README.md",
            "@type": "File",
            "about": {
                "@id": "./"
            },
            "encodingFormat": "text/markdown",
            "name": "README.md"
        },
        {
            "@id": "datasets/read2_31e7840b5aedca436087575c1e79fdb4.fastqsanger.gz",
            "@type": "File",
            "encodingFormat": "text/plain",
            "name": "read2"
        },
        {
            "@id": "datasets/read1_31e7840b5aedca430a49883d3b5e019a.fastqsanger.gz",
            "@type": "File",
            "encodingFormat": "text/plain",
            "name": "read1"
        },
        {
            "@id": "datasets/FastQC_on_data_2__Webpage_31e7840b5aedca43e4af35fc1c2f7696.html",
            "@type": "File",
            "encodingFormat": "text/html",
            "name": "FastQC on data 2: Webpage"
        },
        {
            "@id": "datasets/FastQC_on_data_2__RawData_31e7840b5aedca43f349e54a8875b69b.txt",
            "@type": "File",
            "encodingFormat": "text/plain",
            "name": "FastQC on data 2: RawData"
        },
        {
            "@id": "datasets/FastQC_on_data_1__Webpage_31e7840b5aedca4383ee632b87a2563a.html",
            "@type": "File",
            "encodingFormat": "text/html",
            "name": "FastQC on data 1: Webpage"
        },
        {
            "@id": "datasets/FastQC_on_data_1__RawData_31e7840b5aedca43973d3d5964f96753.txt",
            "@type": "File",
            "encodingFormat": "text/plain",
            "name": "FastQC on data 1: RawData"
        },
        {
            "@id": "datasets/Cutadapt_on_data_1__Read_1_Output_31e7840b5aedca43c3749221effd2dac.fastqsanger.gz",
            "@type": "File",
            "encodingFormat": "text/plain",
            "name": "Cutadapt on data 1: Read 1 Output"
        },
        {
            "@id": "datasets/FastQC_on_data_7__Webpage_31e7840b5aedca437b5dfeb9409e4b7d.html",
            "@type": "File",
            "encodingFormat": "text/html",
            "name": "FastQC on data 7: Webpage"
        },
        {
            "@id": "datasets/FastQC_on_data_7__RawData_31e7840b5aedca4375c2230abc039b9d.txt",
            "@type": "File",
            "encodingFormat": "text/plain",
            "name": "FastQC on data 7: RawData"
        },
        {
            "@id": "datasets/Bowtie2_on_data_1_and_data_2__alignments_31e7840b5aedca430b4ed980e9cf78b0.bam",
            "@type": "File",
            "encodingFormat": "application/octet-stream",
            "name": "Bowtie2 on data 1 and data 2: alignments"
        },
        {
            "@id": "datasets/Bowtie2_on_data_1_and_data_2__mapping_stats_31e7840b5aedca43947e53dd90c9e467.txt",
            "@type": "File",
            "encodingFormat": "text/plain",
            "name": "Bowtie2 on data 1 and data 2: mapping stats"
        },
        {
            "@id": "datasets/Samtools_stats_on_data_14_31e7840b5aedca43cfc6219bfdb5b1cf.tabular",
            "@type": "File",
            "encodingFormat": "text/plain",
            "name": "Samtools stats on data 14"
        },
        {
            "@id": "datasets/Filter_BAM_on_data_14__JSON_filter_rules_31e7840b5aedca434b2c6ccf05ad29c0.txt",
            "@type": "File",
            "encodingFormat": "text/plain",
            "name": "Filter BAM on data 14: JSON filter rules"
        },
        {
            "@id": "datasets/Filter_BAM_on_data_14__Filtered_BAM_31e7840b5aedca43f5815b8582c01e56.bam",
            "@type": "File",
            "encodingFormat": "application/octet-stream",
            "name": "Filter BAM on data 14: Filtered BAM"
        },
        {
            "@id": "datasets/Samtools_stats_on_data_18_31e7840b5aedca4300603b2e40f53beb.tabular",
            "@type": "File",
            "encodingFormat": "text/plain",
            "name": "Samtools stats on data 18"
        },
        {
            "@id": "datasets/JBrowse_on_data_14_-_minimal_31e7840b5aedca435b239068743d190c.html",
            "@type": "File",
            "encodingFormat": "text/html",
            "name": "JBrowse on data 14 - minimal"
        }
    ]
}